,PRODUCTS,RATINGS,PRICE
0,Power Tempered Glass Guard for Apple iPhone X,0.0,149
1,Power Tempered Glass Guard for Apple iPhone 8 Plus,0.0,149
2,Power Tempered Glass Guard for Apple iPhone 6s Plus,0.0,149
3,RhinoShield Screen Guard for Apple iPhone 11 Pro,0.0,1299
4,Payswell Tempered Glass Guard for Apple iPhone 7,0.0,199
5,FIRST IMPRESSION Tempered Glass Guard for Apple iPhone X,0.0,199
6,Power Tempered Glass Guard for Apple iPhone 7 Plus,0.0,149
7,Kapaver Tempered Glass Guard for Apple iPhone 6,3.8,299
8,"FIRST IMPRESSION Tempered Glass Guard for Apple iPhone 6 Plus, Apple iPhone 6 Plus",0.0,199
9,Dainty Tempered Glass Guard for Apple iPhone 7,3.3,182
10,SHIELD Tempered Glass Guard for Apple iPhone 7 Plus,0.0,149
11,Power Tempered Glass Guard for Apple iPhone SE,0.0,149
12,Heypex Tempered Glass Guard for Apple Iphone 11 Pro Max,0.0,148
13,RhinoShield Tempered Glass Guard for Apple iPhone 11,3.7,1299
14,SHIELD Tempered Glass Guard for Apple iPhone 8 Plus,0.0,149
15,KMP POWER Tempered Glass Guard for Apple iPhone 8,0.0,148
16,FIRST IMPRESSION Tempered Glass Guard for Apple iPhone 7,0.0,18
17,Power Tempered Glass Guard for Apple iPhone 7,0.0,149
18,KMP POWER Tempered Glass Guard for Apple iPhone XS Max,0.0,148
19,Dainty Tempered Glass Guard for Apple iPhone 7,3.9,182
20,Power Tempered Glass Guard for Apple iPhone XS Max,0.0,149
21,Power Tempered Glass Guard for Apple iPhone 8 Plus,0.0,149
22,FIRST IMPRESSION Tempered Glass Guard for Apple iPhone 6 Plus,0.0,198
23,VAlight Edge To Edge Tempered Glass for Apple iPhone 6,0.0,159
24,KMP POWER Edge To Edge Tempered Glass for Apple iPhone 6 Plus,0.0,149
25,Power Tempered Glass Guard for Apple iPhone X,0.0,149
26,ELEF Tempered Glass Guard for Anti Blueray Eyes Protective Tempered Glass For Apple iPhone 8 Plus,0.0,259
27,Power Tempered Glass Guard for Apple iPhone 5s,0.0,149
28,SHIELD Tempered Glass Guard for Apple iPhone 7 Plus,0.0,149
29,RhinoShield Screen Guard for Apple iPhone 11 Pro Max,0.0,1299
30,Heartly Tempered Glass Guard for Apple iPhone 7,0.0,299
31,KMP POWER Tempered Glass Guard for Apple iPhone 6 Plus,0.0,148
32,KMP POWER Tempered Glass Guard for Apple iPhone XS,0.0,148
33,Cospex Edge To Edge Tempered Glass for Apple iPhone XS Max,0.0,279
34,Power Tempered Glass Guard for Apple iPhone SE,0.0,149
35,KMP POWER Tempered Glass Guard for Apple iPhone X,0.0,148
36,FIRST IMPRESSION Tempered Glass Guard for Apple iPhone 8 Plus,0.0,198
37,Power Tempered Glass Guard for Apple iPhone 6s,0.0,149
38,Power Tempered Glass Guard for Apple iPhone SE,3.0,149
39,RhinoShield Screen Guard for Apple iPhone 11,0.0,1299
